{
  "Component-dbg.js": 1704789126000,
  "controller/App.controller.js": 1704789126000,
  "manifest.json": 1710404373143,
  "model/models.js": 1704789126000,
  "controller/View1.controller.js": 1710397892586,
  "model/data.json": 1707728460000,
  "Component.js": 1704789126000,
  "Component-preload.js": 1710404373473,
  "controller/App-dbg.controller.js": 1704789126000,
  "controller/View1-dbg.controller.js": 1710397892586,
  "model/models-dbg.js": 1704789126000,
  "i18n/i18n.properties": 1704789126000,
  "view/View1.view.xml": 1710393915521,
  "view/App.view.xml": 1704789126000,
  "css/style.css": 1704789126000,
  "index.html": 1704789126000
}